2020-12-18 19:09:08,"b'RT @jim_yackel: #OSINT, #RUMINT, and #Breaking News through Independent and Alternative Reporters.  Follow my ""Storm Warning"" list: https:/\xe2\x80\xa6'"
2020-12-18 17:42:59,"b'#OSINT, #RUMINT, and #Breaking News through Independent and Alternative Reporters.  Follow my ""Storm Warning"" list: https://t.co/P2yjxwvBVs\n\n#Election2020 #Trump #Biden #Lockdown #Protests2020 #Riots2020 #Iran #Israel #Russia #Syria #China #Vaccination #WakeUp #TheGreatReset'"
2020-12-18 14:10:00,b'RT @NewsPerpetual: World News Headlines Today - 18 Dec 2020 \xf0\x9f\x8c\x8d China Undersea Cable | Schoolboys Released | Russian Ban\nhttps://t.co/Ju9wSui\xe2\x80\xa6'
2020-12-18 14:03:23,"b""Recently in @IFPRI's #COVID19 blog series:\n\n\xf0\x9f\x93\x88Poverty spikes after second wave in #Myanmar \n\n\xf0\x9f\x93\xb1Crowdsourced #foodinsecurity data from #Nigerian #lockdown\n\n\xf0\x9f\x9b\x92Businesses in #China bounce back after closures\n\n\xf0\x9f\x8d\xb2Food consumption in #Ethiopia remains steady\n\n\xf0\x9f\x93\x9ahttps://t.co/X20m7pxFVN https://t.co/InemJyZKYf"""
2020-12-18 14:01:25,b'World News Headlines Today - 18 Dec 2020 \xf0\x9f\x8c\x8d China Undersea Cable | Schoolboys Released | Russian Ban\nhttps://t.co/Ju9wSuisGh\n#Nigeria #Brazil #Covid #Russia #ban #doping #China #Vaccine #Delhi #Earthquake #Tremors #Taliban #US #Trump #qatar #covid #coronavirus #lockdown'
2020-12-18 12:02:39,b'WORLD NEWS SUMMARY\n\n#WorldNews #latsetnewssummary #Brexit #fire #chicken @VladimirPutinim @vputin.team #Pakistan  #china  #saudiarbia  #loan  #lockdown  #currency  #drop #EveningNews #tapshort https://t.co/tVSf3vuCyj'
2020-12-18 09:47:45,"b""Easing #lockdown too soon is a mistake. #coronavirus started with one or two people in #China and went round the world. If we think we're #safe and go back to normal before there's a vaccine, but there's one or two cases somewhere, it could happen again. https://t.co/JwtjqNhrc0"""
2020-12-18 09:43:01,b'#lockdown #USAexposed #usa  #coronavirus #covid19 Work From #Home again. Few people of #Wuhan #China brought global #pandemic. Now we have millions infected. #THINK #flatcurvechallenge means nothing. You need to eradicate the #virus https://t.co/zdO97wYmh9 https://t.co/sDFic3qCFe'
2020-12-18 09:12:41,b'Nothing happens in #China \n\nhttps://t.co/fvcSFYVV2d\n\n#Corona #Covid19 #pandemics #vaccine #lockdown https://t.co/NASp3ll0oE'
2020-12-18 09:11:47,b'Morning Brief \xe2\x80\x93 GBP Market - SGM-FX Innovative Foreign Exchange Services https://t.co/Rw6eY6qTVw\n#GBP #Market #UK #Brexit #tradedeal #nodeal #shipping #China #Malaysia #Singapore #exports #PPE #Europe #covid19 #economy #staycation #lockdown #MickJagger #rockandroll #RollingStones'
2020-12-18 02:15:46,"b'RT @LeaveEU_Now: @MailOnline Here we go\n\nIts the ""We need to be more authoritarian like #China to be able to deal with #covid19"" line again\xe2\x80\xa6'"
2020-12-18 00:14:11,"b""@JoeBiden The illegal #COVID #lockdown's need to stop. We need work, not stimulus. Stimulus benefits #CCP #China, the #BidenCriminalFamily and mega #corporations."""
2020-12-17 21:41:13,"b'RT @jim_yackel: #OSINT, #RUMINT, and #Breaking News through Independent and Alternative Reporters.  Follow my ""Storm Warning"" list: https:/\xe2\x80\xa6'"
2020-12-17 21:35:49,"b'RT @jim_yackel: #OSINT, #RUMINT, and #Breaking News through Independent and Alternative Reporters.  Follow my ""Storm Warning"" list: https:/\xe2\x80\xa6'"
2020-12-17 20:25:58,"b'#OSINT, #RUMINT, and #Breaking News through Independent and Alternative Reporters.  Follow my ""Storm Warning"" list: https://t.co/P2yjxwvBVs\n\n#Election2020 #Trump #Biden #Lockdown #Protests2020 #Riots2020 #Iran #Israel #Russia #Syria #China #Vaccination #WakeUp #TheGreatReset'"
2020-12-17 16:33:29,"b""The revived, post-pandemic #Wuhan. \nThe city hasn't reported a new locally transmitted case of the disease since May 10, after undergoing one of the strictest lockdowns worldwide.\n#COVID19 #COVID #coronavirus #pandemic #vaccine #REVIVAL #lockdown #China \nhttps://t.co/PzscuMb1Hq"""
2020-12-17 16:27:57,"b'""Never go full retard.""\n2020: ""Keep holding ALL my beers.""\n#JoeBiden #Cuomo #COVID19 #lockdown #Election2020 #Trump2020 #thursdaymorning #China #Russia #vaccination #WakeUp #media \nJoe Biden sick? Govenor Cuomo accused, is he done for?  https://t.co/CKQKueS3P7'"
2020-12-17 14:05:27,"b'My colleague @iDrBilal published interesting research on ""Air Pollution #Scenario over #China during #COVID-19"" (https://t.co/XxmY1VGLxl) check this out! #airpollution #COVID19 #lockdown'"
2020-12-17 13:18:18,"b'@MailOnline Here we go\n\nIts the ""We need to be more authoritarian like #China to be able to deal with #covid19"" line again\n\nNothing coming from China can be trusted yet 1st #lockdown across #UK/western world was justified based on the \'perfect\' #china response\n\nStop pushing this #propaganda https://t.co/jDnekzfx4V'"
2020-12-17 09:35:16,b'World News Headlines Today - 16 Dec 2020 \xf0\x9f\x8c\x8d US Sanctions | Twitter Killer | China Forced Labour\nhttps://t.co/pkzxgou7ms\n#Turkey #USTurkey #India #Kashmir #China #Japan #TwitterKiller #Australia #Israel #Amazon #Honda #Seinfeld #Vaccine #covid #lockdown #drugs #BidenHarris2020'
2020-12-17 03:28:05,"b'#China among top themes in #travel and #tourism sector as recovery beckons, reveals #GlobalData\nhttps://t.co/Z48PosrUZy\n#earningscalltranscripts #Airline #hotel #Lockdown #COVID19 https://t.co/2ccO34Zls9'"
2020-12-17 01:23:00,b'EIA P3 discusses US exports for oil/refined products and what to expect. We also cover oil/products around the world and flow going forward. #OOTT #EFT #China #India #Europe #Asia #oilprice #gasoline #diesel #economy #COVID19 #lockdown #vaccine #stimulus\nhttps://t.co/pt51O4g9MX'
2020-12-16 23:41:51,b'RT @NewsPerpetual: World News Headlines Today - 16 Dec 2020 \xf0\x9f\x8c\x8d US Sanctions | Twitter Killer | China Forced Labour\nhttps://t.co/pkzxgou7ms\n#\xe2\x80\xa6'
2020-12-16 23:07:58,b'BLOG | 2020: THR STORY SO FAR... PART 1-3! \n\n1. https://t.co/LF5fP6iIIv    \n\n2. https://t.co/pTXtoJkdsn   \n\n3. https://t.co/eo0rKiWIs0   \n\n#Blog #COVID19 #Pandemic #China #Expat #Displacement #Family #England #CNY #TeachingEnglish #Lockdown #Life https://t.co/nm03iMBzE6'
2020-12-16 23:05:36,"b'RT @jim_yackel: #OSINT, #RUMINT, and #Breaking News through Independent and Alternative Reporters.  Follow my ""Storm Warning"" list: https:/\xe2\x80\xa6'"
2020-12-16 20:54:00,"b'RT @jim_yackel: #OSINT, #RUMINT, and #Breaking News through Independent and Alternative Reporters.  Follow my ""Storm Warning"" list: https:/\xe2\x80\xa6'"
2020-12-16 20:43:56,"b'#OSINT, #RUMINT, and #Breaking News through Independent and Alternative Reporters.  Follow my ""Storm Warning"" list: https://t.co/P2yjxwvBVs\n\n#Election2020 #Trump #Biden #Lockdown #Protests2020 #Riots2020 #Iran #Israel #Russia #Syria #China #Vaccination #WakeUp #TheGreatReset'"
2020-12-16 17:23:02,b'#lockdown #USAexposed #usa  #coronavirus #covid19 Work From #Home again. Few people of #Wuhan #China brought global #pandemic. Now we have millions infected. #THINK #flatcurvechallenge means nothing. You need to eradicate the #virus https://t.co/zdO97wYmh9 https://t.co/sDFic3qCFe'
2020-12-16 14:44:18,b'https://t.co/v5WPGGOJFk New adventure check it out \xf0\x9f\x98\x83 #Adventure #Exploring #Lockdown #Covid19 #coronavirus #China #Chinese #virus #Diary #Crazy #Wild #Canada #Canadian #YouTube https://t.co/HYIPQGdbcF https://t.co/YFO1m4Lwbj'
2020-12-16 12:57:31,b'World News Headlines Today - 16 Dec 2020 \xf0\x9f\x8c\x8d US Sanctions | Twitter Killer | China Forced Labour\nhttps://t.co/pkzxgou7ms\n#Turkey #USTurkey #India #Kashmir #China #Japan #TwitterKiller #Australia #Israel #Amazon #Honda #Seinfeld #Vaccine #covid #lockdown #drugs #BidenHarris2020'
2020-12-16 10:51:54,"b'get in line here! Nurse Helen Cordova pauses for #photos with her #vaccination record card after receiving the #PfizerBioNTech #COVID19Vaccine at Kaiser Permanente #LosAngeles Medical Center, #UnitedStates ...\n-\n@pfizer @BioNTech_Group #China #Wuhan #Virus #Xmas #lockdown https://t.co/mXd8pXXx6W'"
2020-12-15 22:56:36,b'RT @gauaggbjp: #Germany reports more than 800 deaths due to #COVID19 in a single day. It will go under strict #lockdown from today\n\nReally\xe2\x80\xa6'
2020-12-15 21:51:13,b'@RepMattGaetz @DanCrenshawTX kinda funny that we\xe2\x80\x99re three months away from the #anniversary of the #lockdown for two weeks to #StopTheSpread #FlattenTheCurve #MAGA #Election2020 #China #KobeBryant #fog #COVID19 #SocialDistance #fema https://t.co/D1RTeUCJco'
2020-12-15 21:41:01,b'#Germany reports more than 800 deaths due to #COVID19 in a single day. It will go under strict #lockdown from today\n\nReally #ChinaVirus has wreaked havoc throughout the world &amp; only #China is to be blamed for this misery world over'
2020-12-15 21:03:45,"b'RT @jim_yackel: #OSINT, #RUMINT, and #Breaking News through Independent and Alternative Reporters.  Follow my ""Storm Warning"" list: https:/\xe2\x80\xa6'"
2020-12-15 20:58:10,"b'RT @jim_yackel: #OSINT, #RUMINT, and #Breaking News through Independent and Alternative Reporters.  Follow my ""Storm Warning"" list: https:/\xe2\x80\xa6'"
2020-12-15 20:05:20,"b'RT @jim_yackel: #OSINT, #RUMINT, and #Breaking News through Independent and Alternative Reporters.  Follow my ""Storm Warning"" list: https:/\xe2\x80\xa6'"
2020-12-15 19:57:19,"b'RT @jim_yackel: #OSINT, #RUMINT, and #Breaking News through Independent and Alternative Reporters.  Follow my ""Storm Warning"" list: https:/\xe2\x80\xa6'"
2020-12-15 19:54:54,"b'#OSINT, #RUMINT, and #Breaking News through Independent and Alternative Reporters.  Follow my ""Storm Warning"" list: https://t.co/P2yjxwvBVs\n\n#Election2020 #Trump #Biden #Lockdown #Protests2020 #Riots2020 #Iran #Israel #Russia #Syria #China #Vaccination #WakeUp #TheGreatReset'"
2020-12-15 15:00:06,b'#BLMAntifaTerroristsThugs BURNED LOOTED BRUTALITY BEST PEOPLE DESTROYED #BUSINESSES \nGET OUTTA JAIL FREE CARD\n\nA MAN TRYING TO FEED HIS FAMILY HAD TO DEAL W/ THIS\n#lockdown \nLooking more like the way #China #dictates https://t.co/NtUVHbUMxJ'
2020-12-15 13:06:57,b'RT @sam_oputa: https://t.co/yywo4qMZop \xe2\x80\xa6 \xe2\x80\xa6 #link to my #books #mondayreport #SNL #model #Biden #lockdownitalia #Trump2020 #BrexitShambles #\xe2\x80\xa6'
2020-12-15 13:05:42,b'https://t.co/yywo4qMZop \xe2\x80\xa6 \xe2\x80\xa6 #link to my #books #mondayreport #SNL #model #Biden #lockdownitalia #Trump2020 #BrexitShambles #SiguemeYTeSigo #Christmas #Covid_19 #COVID19 #BookBoost #FarmersProtestHijacked #China #like #likee #BookReview #life #lockdown #lockdownitalia #gifts 1'
2020-12-15 11:37:17,b'RT @LeaveEU_Now: @RealDeniseWelch @RussTballs Apparently in #China they went from People collapsing and dying on street from #covid19  (whe\xe2\x80\xa6'
2020-12-15 11:33:17,b'RT @LeaveEU_Now: @RealDeniseWelch @RussTballs Apparently in #China they went from People collapsing and dying on street from #covid19  (whe\xe2\x80\xa6'
2020-12-15 11:32:11,b'RT @LeaveEU_Now: @RealDeniseWelch @RussTballs Apparently in #China they went from People collapsing and dying on street from #covid19  (whe\xe2\x80\xa6'
2020-12-15 11:07:45,b'@RealDeniseWelch @RussTballs Apparently in #China they went from People collapsing and dying on street from #covid19  (when has this happened anywhere else?) to eradicating it within a few weeks\n\nYeah right!\n\nWas just #propaganda to get western societies following same #lockdown strategy (See Lockstep doc) https://t.co/Qh6tiKQa3I'
2020-12-15 09:34:40,b'#lockdown #CloseSchoolsNOW #bachelorette #COVID19 #China #CCP #coronavirusuk #TrumpIsACompleteFailure #Biden #BidenCheated2020 #BidenCheatedAndGotCaught CHINA BROUGHT UPON THIS DEATH MISERY ON D WORLD EUROPE SUE CHINA @realDonaldTrump https://t.co/jGWQXm3RU7 @JoeBiden'
2020-12-15 09:32:36,b'#lockdown #CloseSchoolsNOW #bachelorette #COVID19 #China #CCP #coronavirusuk #TrumpIsACompleteFailure #Biden #BidenCheated2020 #BidenCheatedAndGotCaught CHINA BROUGHT UPON THIS DEATH MISERY ON D WORLD EUROPE SUE CHINA https://t.co/jGWQXm3RU7'
2020-12-15 07:34:53,"b""RT @EpochTimesChina: New #CCPVirus outbreaks were reported in #China's #Heilongjiang and #Sichuan provinces as locals complained about stri\xe2\x80\xa6"""
2020-12-15 04:18:52,b'RT @pavonvillamayor: No major economy is having a V-shaped #EconomicRecovery from the #Covid shock (except #China). New #lockdown restricti\xe2\x80\xa6'
2020-12-15 01:41:03,b'RT @sam_oputa: https://t.co/yywo4qMZop \xe2\x80\xa6 \xe2\x80\xa6 #link to my #books #mondayreport #SNL #model #Biden #lockdownitalia #Trump2020 #BrexitShambles #\xe2\x80\xa6'
2020-12-15 01:39:19,b'https://t.co/yywo4qMZop \xe2\x80\xa6 \xe2\x80\xa6 #link to my #books #mondayreport #SNL #model #Biden #lockdownitalia #Trump2020 #BrexitShambles #SiguemeYTeSigo #Christmas #Covid_19 #COVID19 #BookBoost #FarmersProtestHijacked #China #like #likee #BookReview #life #lockdown #lockdownitalia #gifts//'
2020-12-15 01:17:32,b'RT @sam_oputa: https://t.co/yywo4qMZop \xe2\x80\xa6 \xe2\x80\xa6 #link to my #books #mondayreport #SNL #model #Biden #lockdownitalia #Trump2020 #BrexitShambles #\xe2\x80\xa6'
2020-12-15 01:16:38,b'RT @sam_oputa: https://t.co/yywo4qMZop \xe2\x80\xa6 \xe2\x80\xa6 #link to my #books #mondayreport #SNL #model #Biden #lockdownitalia #Trump2020 #BrexitShambles #\xe2\x80\xa6'
2020-12-15 01:16:29,b'RT @sam_oputa: https://t.co/yywo4qMZop \xe2\x80\xa6 \xe2\x80\xa6 #link to my #books #mondayreport #SNL #model #Biden #lockdownitalia #Trump2020 #BrexitShambles #\xe2\x80\xa6'
2020-12-15 01:16:15,b'RT @sam_oputa: https://t.co/yywo4qMZop \xe2\x80\xa6 \xe2\x80\xa6 #link to my #books #mondayreport #SNL #model #Biden #lockdownitalia #Trump2020 #BrexitShambles #\xe2\x80\xa6'
2020-12-15 01:15:57,b'RT @sam_oputa: https://t.co/yywo4qMZop \xe2\x80\xa6 \xe2\x80\xa6 #link to my #books #mondayreport #SNL #model #Biden #lockdownitalia #Trump2020 #BrexitShambles #\xe2\x80\xa6'
2020-12-15 01:10:37,b'https://t.co/yywo4qMZop \xe2\x80\xa6 \xe2\x80\xa6 #link to my #books #mondayreport #SNL #model #Biden #lockdownitalia #Trump2020 #BrexitShambles #SiguemeYTeSigo #Christmas #Covid_19 #COVID19 #BookBoost #FarmersProtestHijacked #China #like #likee #BookReview #life #lockdown #lockdownitalia #gifts///'
2020-12-15 01:05:03,b'#lockdown #USAexposed #usa  #coronavirus #covid19 Work From #Home again. Few people of #Wuhan #China brought global #pandemic. Now we have millions infected. #THINK #flatcurvechallenge means nothing. You need to eradicate the #virus https://t.co/zdO97wYmh9 https://t.co/sDFic3qCFe'
2020-12-15 00:47:04,"b""RT @EpochTimesChina: New #CCPVirus outbreaks were reported in #China's #Heilongjiang and #Sichuan provinces as locals complained about stri\xe2\x80\xa6"""
2020-12-15 00:03:04,"b'RT @FriarDale: The Night Prayer:\nLighten my darkness, Lord. Let the light of Your presence dispel the shadows of night.\n\n#pray 4 #Ethiopia\xe2\x80\xa6'"
2020-12-14 23:59:54,b'https://t.co/yywo4qMZop \xe2\x80\xa6 \xe2\x80\xa6 #link to my #books #mondayreport #SNL #model #Biden #lockdownitalia  #Trump2020 #BrexitShambles #SiguemeYTeSigo #Christmas #Covid_19 #COVID19 #BookBoost  #FarmersProtestHijacked #China #like #likee #BookReview #life #lockdown #lockdownitalia  #gifts/'
2020-12-14 23:59:21,"b'The Night Prayer:\nLighten my darkness, Lord. Let the light of Your presence dispel the shadows of night.\n\n#pray 4 #Ethiopia #Nigeria #Germany #UK #France #lockdown #NYC #DC #COVID19 #vaccine #USA #homeless #Chattanooga #christians in #China #Sudan #Iran #Iraq \n#Jesus #help #hope https://t.co/ei1TaHZs3T'"
2020-12-14 23:22:33,b'RT @sam_oputa: https://t.co/yywo4qMZop \xe2\x80\xa6 \xe2\x80\xa6 #link to my #books #mondayreport #SNL #model #Biden #lockdownitalia #Trump2020 #BrexitShambles #\xe2\x80\xa6'
2020-12-14 23:21:58,b'https://t.co/yywo4qMZop \xe2\x80\xa6 \xe2\x80\xa6 #link to my #books #mondayreport #SNL #model #Biden #lockdownitalia #Trump2020 #BrexitShambles #SiguemeYTeSigo #Christmas #Covid_19 #COVID19 #BookBoost #FarmersProtestHijacked #China #like #likee #BookReview #life #lockdown #lockdownitalia #gifts .['
2020-12-14 23:17:28,b'RT @sam_oputa: https://t.co/yywo4qMZop \xe2\x80\xa6 \xe2\x80\xa6 #link to my #books #mondayreport #SNL #model #Biden #lockdownitalia  #Trump2020 #BrexitShambles\xe2\x80\xa6'
2020-12-14 23:16:22,b'RT @sam_oputa: https://t.co/yywo4qMZop \xe2\x80\xa6 \xe2\x80\xa6 #link to my #books #mondayreport #SNL #model #Biden #lockdownitalia  #Trump2020 #BrexitShambles\xe2\x80\xa6'
2020-12-14 23:16:17,b'RT @sam_oputa: https://t.co/yywo4qMZop \xe2\x80\xa6 \xe2\x80\xa6 #link to my #books #mondayreport #SNL #model #Biden #lockdownitalia  #Trump2020 #BrexitShambles\xe2\x80\xa6'
2020-12-14 23:16:10,b'RT @sam_oputa: https://t.co/yywo4qMZop \xe2\x80\xa6 \xe2\x80\xa6 #link to my #books #mondayreport #SNL #model #Biden #lockdownitalia  #Trump2020 #BrexitShambles\xe2\x80\xa6'
2020-12-14 23:15:40,b'RT @sam_oputa: https://t.co/yywo4qMZop \xe2\x80\xa6 \xe2\x80\xa6 #link to my #books #mondayreport #SNL #model #Biden #lockdownitalia  #Trump2020 #BrexitShambles\xe2\x80\xa6'
2020-12-14 23:10:19,b'https://t.co/yywo4qMZop \xe2\x80\xa6 \xe2\x80\xa6 #link to my #books #mondayreport #SNL #model #Biden #lockdownitalia  #Trump2020 #BrexitShambles #SiguemeYTeSigo #Christmas #Covid_19 #COVID19 #BookBoost  #FarmersProtestHijacked #China #like #likee #BookReview #life #lockdown #lockdownitalia  #gifts'
2020-12-14 22:08:28,"b'RT @jim_yackel: #OSINT, #RUMINT, and #Breaking News through Independent and Alternative Reporters.  Follow my ""Storm Warning"" list: https:/\xe2\x80\xa6'"
2020-12-14 22:04:26,"b""RT @EpochTimesChina: New #CCPVirus outbreaks were reported in #China's #Heilongjiang and #Sichuan provinces as locals complained about stri\xe2\x80\xa6"""
2020-12-14 21:56:04,"b""RT @EpochTimesChina: New #CCPVirus outbreaks were reported in #China's #Heilongjiang and #Sichuan provinces as locals complained about stri\xe2\x80\xa6"""
2020-12-14 21:53:04,"b""RT @EpochTimesChina: New #CCPVirus outbreaks were reported in #China's #Heilongjiang and #Sichuan provinces as locals complained about stri\xe2\x80\xa6"""
2020-12-14 21:52:28,"b""RT @EpochTimesChina: New #CCPVirus outbreaks were reported in #China's #Heilongjiang and #Sichuan provinces as locals complained about stri\xe2\x80\xa6"""
2020-12-14 21:50:00,"b""RT @EpochTimesChina: New #CCPVirus outbreaks were reported in #China's #Heilongjiang and #Sichuan provinces as locals complained about stri\xe2\x80\xa6"""
2020-12-14 20:44:56,b'The best SEO audit to find and fix the issues https://t.co/e1Y9wcbN0K \n Get your website optimized now\n#Covid_19 #cyrilramaphosa #China #CallofDuty #CBD #cduvorsitz #CNN #Cricket #dicbar #EclipseSolar2020 #farmersrprotest #googledown #Hercai #KimSeonHo #lockdown #O2Lisback #Qatar'
2020-12-14 20:19:38,"b'#OSINT, #RUMINT, and #Breaking News through Independent and Alternative Reporters.  Follow my ""Storm Warning"" list: https://t.co/P2yjxwvBVs\n\n#Election2020 #Trump #Biden #Lockdown #Protests2020 #Riots2020 #Iran #Israel #Russia #Syria #China #Vaccination #WakeUp #TheGreatReset'"
2020-12-14 18:07:08,b'RT @Lauren41169678: Good point!! #China #lockdown #COVID19 #Covid_19 #COVID #BidenCheated2020 #BidenHarris2020'
2020-12-14 18:00:36,b'RT @Lauren41169678: Good point!! #China #lockdown #COVID19 #Covid_19 #COVID #BidenCheated2020 #BidenHarris2020'
2020-12-14 17:52:36,b'Good point!! #China #lockdown #COVID19 #Covid_19 #COVID #BidenCheated2020 #BidenHarris2020 https://t.co/DADmA2Huqp'
2020-12-14 17:06:11,b'RT @ntqrt: STARK CONTRAST: #china saw #covid19 as serious VIRUS-&gt; took extreme measures to stamp out both mild &amp; severe cases. The West etc\xe2\x80\xa6'
2020-12-14 16:39:04,"b""RT @EpochTimesChina: New #CCPVirus outbreaks were reported in #China's #Heilongjiang and #Sichuan provinces as locals complained about stri\xe2\x80\xa6"""
2020-12-14 16:25:04,"b""RT @EpochTimesChina: New #CCPVirus outbreaks were reported in #China's #Heilongjiang and #Sichuan provinces as locals complained about stri\xe2\x80\xa6"""
2020-12-14 16:20:01,"b""New #CCPVirus outbreaks were reported in #China's #Heilongjiang and #Sichuan provinces as locals complained about strict #Lockdown policies.\n\nMeanwhile, the #Xinjiang region announced new asymptomatic carriers and #Hainan quarantined at least 43 people. https://t.co/wGTehMh8q7"""
2020-12-14 16:18:34,"b'Serious question. Why is no one blaming #China for this virus &amp; all of the deaths, disruption &amp; economic destruction? No western leader apart from #Trump has had the balls to put the blame where it belongs. #ChineseVirus #COVID19 #lockdown'"
2020-12-14 16:15:27,"b'CORRECTION: \n\n# ""ChineseVirus"" is racist but \n\xe2\x9e\xa1\xef\xb8\x8f #ChinaVirus puts blame directly on #China\'s regime for collusion with #USA\'s deep state &amp; Anthony #Fauci for developing #coronavirus in Wuhan &amp; disinfo such as the ""asymptomatic carrier"" myth which has led to #lockdown &amp; DEATH.'"
2020-12-14 16:04:24,b'Military-grade camera shows risks of airborne coronavirus spread https://t.co/zLC70GX0fj  #COVID19 #COVID\xe3\x83\xbc19 #COVIDSecondWave #Biden #coronavirus #China #CCP #EndSARS #Eclipse2020 #Google #JENLISA #lockdown #NIO #Ripple #Shameless #QuarantineLife'
2020-12-14 15:50:39,"b""New #CCPVirus outbreaks were reported in #China's #Heilongjiang and #Sichuan provinces as locals complained about strict #Lockdown policies.\n\nMeanwhile, the #Xinjiang region announced new asymptomatic carriers and #Hainan quarantined at least 43 people. https://t.co/rPecPlPy2u"""
2020-12-14 12:29:04,"b'RT @WIRTSCHAFTakut: While the virus continues to hamper the economies of both the U.S. and Europe, China has managed to parlay the pandemic\xe2\x80\xa6'"
2020-12-14 09:32:44,b'RT @NewsPerpetual: World News Headlines Today - 13 Dec 2020 \xf0\x9f\x8c\x8d Journalist Executed | China Genocide | Children Abducted\nhttps://t.co/AxusnMZ\xe2\x80\xa6'
2020-12-14 09:13:56,b'Morning Brief \xe2\x80\x93 Extra Mile: EU-UK - SGM-FX Innovative Foreign Exchange Services https://t.co/OgXWE6TiJk\n#extramile #EU #UK #BorisJohnson #Brexit #ursulavonderleyen #GBP #USD #EUR #markets #China #Yuan #CNY #WTI #oil #oilprice #gold #goldprice #COVID19 #Germany #lockdown #rockband'
2020-12-14 08:18:03,"b'While the virus continues to hamper the economies of both the U.S. and Europe, China has managed to parlay the pandemic into a stronger global trade position.\n\nAnd the winner is #China!\xe2\x98\x9d\xef\xb8\x8f\n\n#Covid_19 #Corona #Lockdown \nhttps://t.co/5Rcosqzyn1'"
2020-12-14 07:00:42,b'#lockdown #Covid_19 #coronavirus  #China #CCP #Brexit #BorisJohnsonMustGo CHINA UNLEASHED THIS HAVOC MISERY ON D WORLD ON PURPOSE DEATHS POVERTY AND MISERY THANKS TO CHINA...SUE CHINA @realDonaldTrump'
2020-12-14 05:06:38,"b'@Fact In 2020, America said Bill Gates as a health czar was a mistake and he could have been just a single computer software designer. Here we are. @BillGates #billgates  #vaccination @Microsoft #GreatReset  #China #lockdown #GreatReset #fact'"
2020-12-14 04:15:12,"b'I am a graphics designer, please rate my work.\nhttps://t.co/VDI9zLh0dd\n.\n#Origin #Crush #Sarah #JillBiden #BillGates #China #jungkook #Christmas #Arsenal #Elite #taylor #COVID19 #Biden #Trump #ArtistoftheYear #Queen #WhatsApp  #Emily #lockdown #Twitter https://t.co/0hVLc82LEJ'"
2020-12-14 01:41:13,b'RT @pavonvillamayor: No major economy is having a V-shaped #EconomicRecovery from the #Covid shock (except #China). New #lockdown restricti\xe2\x80\xa6'
2020-12-14 01:34:22,b'RT @pavonvillamayor: No major economy is having a V-shaped #EconomicRecovery from the #Covid shock (except #China). New #lockdown restricti\xe2\x80\xa6'
2020-12-13 23:54:06,b'Tons of new links up at https://t.co/pJnITYgCuX (screenshot does not show them all)\n\n#vaccine #biden #covid #feinstein #china #pope #rothschild #lockdown https://t.co/T3h91uh29q'
2020-12-13 22:15:14,"b'#SmallBusiness and #restaurants get crushed, while  #Amazon and their cafeterias expand.  The #COVID plan / #lockdown pushed by DEMS like #Newsom #CA #Cuomo #NY #Inslee #WA #KateBrown #OR is working.  #China is happy, Amazon is their online store. https://t.co/DcGMVm7C0E'"
2020-12-13 21:07:54,"b'Infections #worldwide\n-\n#UnitedStates : 220,575\n#Brazil : 43,279\n#Turkey : 30,805\n-\n#coronavirus #Corona #Covid_19 #Covid #COVID19 #vaccine #vaccination #pfizer #Pfizervaccine #PfizerBioNTech #BioNTech #lockdown #virus #China #Wuhan #WuhanVirus #WuhanCoronavirus #VirusCorona https://t.co/reI8B7DEq3'"
2020-12-13 21:05:19,"b'RT @jim_yackel: #OSINT, #RUMINT, and #Breaking News through Independent and Alternative Reporters.  Follow my ""Storm Warning"" list: https:/\xe2\x80\xa6'"
2020-12-13 20:19:48,"b'RT @jim_yackel: #OSINT, #RUMINT, and #Breaking News through Independent and Alternative Reporters.  Follow my ""Storm Warning"" list: https:/\xe2\x80\xa6'"
2020-12-13 19:43:34,"b'RT @jim_yackel: #OSINT, #RUMINT, and #Breaking News through Independent and Alternative Reporters.  Follow my ""Storm Warning"" list: https:/\xe2\x80\xa6'"
2020-12-13 19:36:34,"b'RT @jim_yackel: #OSINT, #RUMINT, and #Breaking News through Independent and Alternative Reporters.  Follow my ""Storm Warning"" list: https:/\xe2\x80\xa6'"
2020-12-13 19:35:38,"b'#OSINT, #RUMINT, and #Breaking News through Independent and Alternative Reporters.  Follow my ""Storm Warning"" list: https://t.co/P2yjxwvBVs\n\n#Election2020 #Trump #Biden #Lockdown #Protests2020 #Riots2020 #Iran #Israel #Russia #Syria #China #Vaccination #WakeUp #TheGreatReset'"
2020-12-13 18:12:29,b'RT @Bijoy6935: Balaclava Ski Mask - Winter Face Mask\nCILCK HERE PLS LINK\nhttps://t.co/PwE9KCIydd\n#QuaranteamBLACKPINK\n#Qatar #WordPress #US\xe2\x80\xa6'
2020-12-13 18:00:02,b'RT @Alaminkhan24: I will be your wpbakery visual composer expert: https://t.co/zcs6JZa7Vu\n\n#Qatar #education #Thalapathy65 #yalanhabershowt\xe2\x80\xa6'
2020-12-13 18:00:00,b'RT @Alaminkhan24: I will be your wpbakery visual composer expert: https://t.co/zcs6JZa7Vu\n\n#Qatar #education #Thalapathy65 #yalanhabershowt\xe2\x80\xa6'
2020-12-13 17:57:32,b'I will be your wpbakery visual composer expert: https://t.co/zcs6JZa7Vu\n\n#Qatar #education #Thalapathy65 #yalanhabershowtv #photography #PDM #PDMLahoreJalsa #davido #JISOO #lockdown #XboxSeriesX #Christmas #China #Veham #BiggBoss4Tamil #NewYork #MTNYelloStar #Marr https://t.co/j14vsAGvmw'
2020-12-13 17:40:48,b'Balaclava Ski Mask - Winter Face Mask\nCILCK HERE PLS LINK\nhttps://t.co/PwE9KCIydd\n#QuaranteamBLACKPINK\n#Qatar #WordPress #USA #idolssa #AbuDhabiGP #ArnabGoswami #davido #fineline #JENLISA #lockdown #China #Vaikundapuram #BTSARMY #Italy #Canada #XRPCommunity #W https://t.co/EVjmsI3qvH'
2020-12-13 17:06:31,b'#China is behind the #lockdown'
2020-12-13 16:38:17,"b""Dear #Canada prime minister #trudeau why didn't #WE #lockdown from #china in February?\n  \n#cdnpoli \n#BritishColumbia \n#Alberta \n#Saskatchewan \n#Manitoba \n#Ontario \n#Quebec \n#NewBrunswick \n#NovaScotia \n#PEI \n#Newfoundland \n#covidvaccine"""
2020-12-13 16:13:51,b'RT @pavonvillamayor: No major economy is having a V-shaped #EconomicRecovery from the #Covid shock (except #China). New #lockdown restricti\xe2\x80\xa6'
2020-12-13 14:39:49,b'Tuadda marks cutoff..\n\nSadda marks fuckoff!!\n\n- General catagory\n.\n.\n.\n.\n.\n.\n.\n.\n.\n.\n.\n.\n.\n.\n#RepublicTV #RETWEEET #EducationMinisterGoesLives #memesdaily #MEMES #ICSI_GIVE_2ND_CYCLE #CBSE2021 #America #China #IndiaShutDown #lockdown #COVID19'
2020-12-13 14:16:33,b'RT @NewsPerpetual: World News Headlines Today - 13 Dec 2020 \xf0\x9f\x8c\x8d Journalist Executed | China Genocide | Children Abducted\nhttps://t.co/AxusnMZ\xe2\x80\xa6'
2020-12-13 14:16:27,b'World News Headlines Today - 13 Dec 2020 \xf0\x9f\x8c\x8d Journalist Executed | China Genocide | Children Abducted\nhttps://t.co/AxusnMZsmZ\n#China #Peru #Nigeria #World #genocide #Iran #RuhollahZam #SouthKorea #SouthAfrica #corruption  #WashingtonDC #vaccine #donaldtrump #COVID19 #lockdown'
2020-12-13 12:42:14,b'#China\xe2\x80\x99s Global #Lockdown #Propaganda Campaign -  https://t.co/Dt2WRKeb8r #RedChina #LockdownsKill #WuhanVirus'
2020-12-13 11:56:11,"b""Easing #lockdown early is a mistake. #coronavirus began with 1 or 2 people in #China &amp; went round the world. If we go back to normal before there's a vaccine, but there's 1 or 2 cases somewhere, it'll start again. Nobody is safe until all 7 billion of us are safe. https://t.co/yfSupVObsQ"""
2020-12-13 09:33:42,"b'A big-data program in China\xe2\x80\x99s Xinjiang \xe2\x80\x9carbitrarily selects\xe2\x80\x9d Muslims for detention, flagging behavior such as wearing a veil, studying the Quran or going on the Hajj pilgrimage as reasons for arrest.  https://t.co/7gVxklLskc #China #lockdown'"
2020-12-13 09:07:04,b'#lockdown #USAexposed #usa  #coronavirus #covid19 Work From #Home again. Few people of #Wuhan #China brought global #pandemic. Now we have millions infected. #THINK #flatcurvechallenge means nothing. You need to eradicate the #virus https://t.co/zdO97wYmh9 https://t.co/sDFic3qCFe'
2020-12-13 04:26:29,b'Daily wizzz #06 of Quizwizzz \xf0\x9f\x98\x80\xf0\x9f\x98\x80\xf0\x9f\x8c\x90\xf0\x9f\x8c\x90\nTo view it in our site go to https://t.co/7BBfr2YhBr \n\nhttps://t.co/6u0Ubo7iAW\n#quiz #corona #lockdown #china #virus #pandemic #oxford #who #india #trending #trendingnow #google #instagram #dictionary #WordOfTheDay #wordoftheyear https://t.co/jtLVdYAgQY'
2020-12-13 01:13:45,b'RT @pavonvillamayor: No major economy is having a V-shaped #EconomicRecovery from the #Covid shock (except #China). New #lockdown restricti\xe2\x80\xa6'
2020-12-13 01:04:55,"b'RT @FriarDale: Night Prayer:\nGuide us waking, and guard us sleeping, that awake we may watch with Christ, and asleep we may rest in peace.\xe2\x80\xa6'"
2020-12-12 23:29:23,"b'RT @FriarDale: Night Prayer:\nGuide us waking, and guard us sleeping, that awake we may watch with Christ, and asleep we may rest in peace.\xe2\x80\xa6'"
2020-12-12 23:28:16,"b'Night Prayer:\nGuide us waking, and guard us sleeping, that awake we may watch with Christ, and asleep we may rest in peace.\n\n#Pray 4 #NYC #California #lockdown #COVID #Ethiopia #NotreDame #Nursing #DC #UK #SriLanka #China #homeless #unemployed #poor #lonely \n#Jesus #help #hope'"
2020-12-12 20:52:38,b'RT @JTAH_1990: BLOG | 2020: THE STORY SO FAR... PART 3!\n\nhttps://t.co/eo0rKiWIs0 \n\n#Blog #England #China #Pandemic #Family #Birthday #Lockd\xe2\x80\xa6'
2020-12-12 20:04:43,"b'RT @jim_yackel: #OSINT, #RUMINT, and #Breaking News through Independent and Alternative Reporters.  Follow my ""Storm Warning"" list: https:/\xe2\x80\xa6'"
2020-12-12 19:20:04,"b'#OSINT, #RUMINT, and #Breaking News through Independent and Alternative Reporters.  Follow my ""Storm Warning"" list: https://t.co/P2yjxwvBVs\n\n#Election2020 #Trump #Biden #Lockdown #Protests2020 #Riots2020 #Iran #Israel #Russia #Syria #China #Vaccination #WakeUp #TheGreatReset'"
2020-12-12 19:00:53,"b'STARK CONTRAST: #china saw #covid19 as serious VIRUS-&gt; took extreme measures to stamp out both mild &amp; severe cases. The West etc treated #covid19 as serious DISEASE..hospitalized 10% cases that were severe, &amp; left the 90% mild/asymptomatic 2run amok #cdnpoli #lockdown/balance bs https://t.co/Lb9DRKkUB8'"
2020-12-12 18:34:37,"b'I\'ve a feeling that #Lockdown in #America, with no state support will be remembered along side #China\'s ""Great Leap Forward"" as one of the largest tragedies &amp; state-inflicted crimes against #humanity in history.\n\nNothing less than ordering our own people into poverty &amp; death.'"
2020-12-12 18:24:47,"b'""Post-lockdown #SARS_CoV_2 nucleic acid screening in nearly\n10 million residents of #Wuhan #China.\n\nThe #prevalence of #SARSCoV2 #infection in Wuhan was very low\n5-8 weeks after the end of #lockdown.""\nhttps://t.co/uXOHcIAftU'"
2020-12-12 13:59:07,b'RT @pavonvillamayor: No major economy is having a V-shaped #EconomicRecovery from the #Covid shock (except #China). New #lockdown restricti\xe2\x80\xa6'
2020-12-12 13:58:10,b'RT @pavonvillamayor: No major economy is having a V-shaped #EconomicRecovery from the #Covid shock (except #China). New #lockdown restricti\xe2\x80\xa6'
2020-12-12 13:56:19,"b'No major economy is having a V-shaped #EconomicRecovery from the #Covid shock (except #China). New #lockdown restrictions in Europe are having a new hit on economic activity. The expectations of a quick #recovery in Latin America, in particular #Mexico, are ill-founded. https://t.co/Ecmv4uRevd'"
2020-12-12 12:52:34,b'#BreakingNews : Sky Presenter Kay Burley heads on holiday to South Africa after Sky News suspension for breaking Covid rules. \nhttps://t.co/qjb6Ujv0nd\n#COVID19 #KayBurley #Covid_19 #coronavirus #news #KayBurleyResign #holidays #lockdown #Britain #China #skynews'
2020-12-12 09:35:31,"b""RT @BadboyvsEvil: China's Chengdu City under Wartime mode after 6 +ve Covid cases\n\xe2\x97\x80\xef\xb8\x8f\nhttps://t.co/kpJ8ZgTepk\n\n#China #Chengdu #COVID #COVID\xe2\x80\xa6"""
2020-12-12 09:29:39,"b'#China #Dongning #Suifenhe #Coronavirus #LOCKDOWN\n\nAfter the discovery of two corona cases on the border with Russia, China has imposed a lockdown in the city of Dongning.  In the city of Suifenhe, all residents are also to be tested for the virus, the authorities announced.'"
2020-12-12 00:00:36,b'RT @asia_mobility: #singapore #hongkong #airbubble looking less and less likely as #COVID19 cases increase so now #Taiwan will get preferre\xe2\x80\xa6'
2020-12-11 23:55:54,b'#singapore #hongkong #airbubble looking less and less likely as #COVID19 cases increase so now #Taiwan will get preferred access. #china #taipei #lockdown #MaskUp #WearAMask #secondwave \n\nhttps://t.co/Y3y0oV6GRI'
2020-12-11 23:44:58,b'BLOG | 2020: THR STORY SO FAR... PART 1-3! \n\n1. https://t.co/LF5fP6iIIv    \n\n2. https://t.co/pTXtoJkdsn   \n\n3. https://t.co/eo0rKiWIs0   \n\n#Blog #COVID19 #Pandemic #China #Expat #Family #England #ChineseNewYear #TeachingEnglish #Lockdown #Life https://t.co/nm03iMBzE6'
2020-12-11 22:50:00,"b""China's Chengdu City under Wartime mode after 6 +ve Covid cases\n\xe2\x97\x80\xef\xb8\x8f\nhttps://t.co/kpJ8ZgTepk\n\n#China #Chengdu #COVID #COVID19 #COVIDSecondWave #BREAKING #coronavirus #california #Florida #NewYork #LosAngeles #Texas #lockdown #india #UAE #Dubai #Canada #uk #London #UKlockdown #news https://t.co/k8Dn80is6b"""
2020-12-11 22:05:37,b'BLOG | MARCH 2020\n\n1. https://t.co/Gkn5xpkn51  \n\n2. https://t.co/zeJNjqhyUY  \n\n3. https://t.co/WOhaioWfvi  \n\n4. https://t.co/E3EEzIIVZO  \n\n5. https://t.co/NmAKuWtblu  \n\n#Blog #China #DPRK #Travel #Beijing #Lockdown #Teaching #England #Home #Coronavirus https://t.co/umPokSh6d8'
2020-12-11 22:05:15,"b'RT @jim_yackel: #OSINT, #RUMINT, and #Breaking News through Independent and Alternative Reporters.  Follow my ""Storm Warning"" list: https:/\xe2\x80\xa6'"
2020-12-11 21:56:31,"b'RT @jim_yackel: #OSINT, #RUMINT, and #Breaking News through Independent and Alternative Reporters.  Follow my ""Storm Warning"" list: https:/\xe2\x80\xa6'"
2020-12-11 20:43:53,"b'RT @EpochTimesChina: The northeastern cities of Dongning and Suifenhe, in Heilongjiang Province, #China, has been ordered to \xe2\x80\x9cwartime\xe2\x80\x9d stat\xe2\x80\xa6'"
2020-12-11 19:28:02,"b'#OSINT, #RUMINT, and #Breaking News through Independent and Alternative Reporters.  Follow my ""Storm Warning"" list: https://t.co/P2yjxwvBVs\n\n#Election2020 #Trump #Biden #Lockdown #Protests2020 #Riots2020 #Iran #Israel #Russia #Syria #China #Vaccination #WakeUp #TheGreatReset'"
2020-12-11 18:06:38,"b'RT @EpochTimesChina: The northeastern cities of Dongning and Suifenhe, in Heilongjiang Province, #China, has been ordered to \xe2\x80\x9cwartime\xe2\x80\x9d stat\xe2\x80\xa6'"
2020-12-11 17:40:29,"b'RT @EpochTimesChina: The northeastern cities of Dongning and Suifenhe, in Heilongjiang Province, #China, has been ordered to \xe2\x80\x9cwartime\xe2\x80\x9d stat\xe2\x80\xa6'"
2020-12-11 17:39:55,"b'RT @EpochTimesChina: The northeastern cities of Dongning and Suifenhe, in Heilongjiang Province, #China, has been ordered to \xe2\x80\x9cwartime\xe2\x80\x9d stat\xe2\x80\xa6'"
2020-12-11 17:38:37,"b'RT @EpochTimesChina: The northeastern cities of Dongning and Suifenhe, in Heilongjiang Province, #China, has been ordered to \xe2\x80\x9cwartime\xe2\x80\x9d stat\xe2\x80\xa6'"
2020-12-11 17:36:14,"b'RT @EpochTimesChina: The northeastern cities of Dongning and Suifenhe, in Heilongjiang Province, #China, has been ordered to \xe2\x80\x9cwartime\xe2\x80\x9d stat\xe2\x80\xa6'"
2020-12-11 17:29:24,"b'RT @EpochTimesChina: The northeastern cities of Dongning and Suifenhe, in Heilongjiang Province, #China, has been ordered to \xe2\x80\x9cwartime\xe2\x80\x9d stat\xe2\x80\xa6'"
2020-12-11 17:27:52,"b'RT @EpochTimesChina: The northeastern cities of Dongning and Suifenhe, in Heilongjiang Province, #China, has been ordered to \xe2\x80\x9cwartime\xe2\x80\x9d stat\xe2\x80\xa6'"
2020-12-11 17:26:07,"b'RT @EpochTimesChina: The northeastern cities of Dongning and Suifenhe, in Heilongjiang Province, #China, has been ordered to \xe2\x80\x9cwartime\xe2\x80\x9d stat\xe2\x80\xa6'"
2020-12-11 17:23:57,"b'RT @EpochTimesChina: The northeastern cities of Dongning and Suifenhe, in Heilongjiang Province, #China, has been ordered to \xe2\x80\x9cwartime\xe2\x80\x9d stat\xe2\x80\xa6'"
2020-12-11 17:19:26,"b'RT @EpochTimesChina: The northeastern cities of Dongning and Suifenhe, in Heilongjiang Province, #China, has been ordered to \xe2\x80\x9cwartime\xe2\x80\x9d stat\xe2\x80\xa6'"
2020-12-11 17:16:38,"b'RT @EpochTimesChina: The northeastern cities of Dongning and Suifenhe, in Heilongjiang Province, #China, has been ordered to \xe2\x80\x9cwartime\xe2\x80\x9d stat\xe2\x80\xa6'"
2020-12-11 17:15:32,"b'RT @EpochTimesChina: The northeastern cities of Dongning and Suifenhe, in Heilongjiang Province, #China, has been ordered to \xe2\x80\x9cwartime\xe2\x80\x9d stat\xe2\x80\xa6'"
2020-12-11 17:12:59,"b'RT @EpochTimesChina: The northeastern cities of Dongning and Suifenhe, in Heilongjiang Province, #China, has been ordered to \xe2\x80\x9cwartime\xe2\x80\x9d stat\xe2\x80\xa6'"
2020-12-11 17:12:39,"b'RT @EpochTimesChina: The northeastern cities of Dongning and Suifenhe, in Heilongjiang Province, #China, has been ordered to \xe2\x80\x9cwartime\xe2\x80\x9d stat\xe2\x80\xa6'"
2020-12-11 17:12:06,"b'RT @EpochTimesChina: The northeastern cities of Dongning and Suifenhe, in Heilongjiang Province, #China, has been ordered to \xe2\x80\x9cwartime\xe2\x80\x9d stat\xe2\x80\xa6'"
2020-12-11 17:11:03,"b'RT @EpochTimesChina: The northeastern cities of Dongning and Suifenhe, in Heilongjiang Province, #China, has been ordered to \xe2\x80\x9cwartime\xe2\x80\x9d stat\xe2\x80\xa6'"
2020-12-11 17:05:54,"b'RT @EpochTimesChina: The northeastern cities of Dongning and Suifenhe, in Heilongjiang Province, #China, has been ordered to \xe2\x80\x9cwartime\xe2\x80\x9d stat\xe2\x80\xa6'"
2020-12-11 17:05:01,"b'RT @EpochTimesChina: The northeastern cities of Dongning and Suifenhe, in Heilongjiang Province, #China, has been ordered to \xe2\x80\x9cwartime\xe2\x80\x9d stat\xe2\x80\xa6'"
2020-12-11 16:52:33,"b'RT @EpochTimesChina: The northeastern cities of Dongning and Suifenhe, in Heilongjiang Province, #China, has been ordered to \xe2\x80\x9cwartime\xe2\x80\x9d stat\xe2\x80\xa6'"
2020-12-11 16:52:20,"b'RT @EpochTimesChina: The northeastern cities of Dongning and Suifenhe, in Heilongjiang Province, #China, has been ordered to \xe2\x80\x9cwartime\xe2\x80\x9d stat\xe2\x80\xa6'"
2020-12-11 16:50:03,"b'The northeastern cities of Dongning and Suifenhe, in Heilongjiang Province, #China, has been ordered to \xe2\x80\x9cwartime\xe2\x80\x9d status after some #CCPVirus cases were reported.\n\nThe entirety of Dongning was placed under #Lockdown, with no one allowed to enter or leave.  https://t.co/GX35AVRcrU'"
2020-12-11 16:43:02,b'#lockdown #USAexposed #usa  #coronavirus #covid19 Work From #Home again. Few people of #Wuhan #China brought global #pandemic. Now we have millions infected. #THINK #flatcurvechallenge means nothing. You need to eradicate the #virus https://t.co/zdO97wYmh9 https://t.co/sDFic3qCFe'
2020-12-11 11:40:17,"b'""In China they did it different.....they welded people in buildings"" \n#lockdown #COVID19 #China \n@ChuckTheFreak @DaveandChuck @LisaWayRadio @WHOtheFisJC @AndyGreenradio @jasonthejoo @AlBeckRadio'"
2020-12-11 11:16:16,b'#china #coronavirus #xmas2020 #coronapandemic #lockdown Thank you china https://t.co/oAtijHSMmV'
2020-12-11 07:27:50,"b""#China Prof uses fake test records &amp; falsifies experimental data.\nNothing new in that #China has been doing it for thousands of years.\nRecent example being #P4Lab's #WuhanVirus that has the entire world #mask|ed &amp; #lockdown|ed.\nhttps://t.co/52Jh2pNiay"""
2020-12-10 22:31:56,b'RT @east_asia_forum: High trust in government and flexible village #lockdown measures at the grassroots level successfully fought off #COVI\xe2\x80\xa6'
2020-12-10 22:15:53,"b'RT @jim_yackel: #OSINT, #RUMINT, and #Breaking News through Independent and Alternative Reporters.  Follow my ""Storm Warning"" list: https:/\xe2\x80\xa6'"
2020-12-10 20:29:00,"b'RT @jim_yackel: #OSINT, #RUMINT, and #Breaking News through Independent and Alternative Reporters.  Follow my ""Storm Warning"" list: https:/\xe2\x80\xa6'"
2020-12-10 19:50:32,b'I love not wearing my mask in the store\xf0\x9f\x92\x95 it makes people get tf outta my way\n\nAmazing \n\n#lockdown #lockdowns #cuomo #vaccine #bill #gates #fauci #obama #Trump2020 #Patriots #georgia #senate #black #china #spy #chinese #COVID19 #pandemic'
2020-12-10 19:32:47,"b'#OSINT, #RUMINT, and #Breaking News through Independent and Alternative Reporters.  Follow my ""Storm Warning"" list: https://t.co/P2yjxwvBVs\n\n#Election2020 #Trump #Biden #Lockdown #Protests2020 #Riots2020 #Iran #Israel #Russia #Syria #China #Vaccination #WakeUp #TheGreatReset'"
2020-12-10 14:58:58,b'BLOG | 2020: THR STORY SO FAR... PART 1-3! \n\n1. https://t.co/LF5fP6iIIv   \n\n2. https://t.co/pTXtoJkdsn  \n\n3. https://t.co/eo0rKiWIs0  \n\n#Blog #COVID19 #Pandemic #China #Expat #Displacement #Family #England #ChineseNewYear #TeachingEnglish #Lockdown #Life https://t.co/nm03iMBzE6'
